PlotId,Point Cloud Filename,Plot Centre X,Plot Centre Y,Plot Radius,Plot Radius Buffer,Plot Area,Num Trees in Plot,Stems/ha,Mean DBH,Median DBH,Min DBH,Max DBH,Mean Height,Median Height,Min Height,Max Height,Mean Volume 1,Median Volume 1,Min Volume 1,Max Volume 1,Total Volume 1,Mean Volume 2,Median Volume 2,Min Volume 2,Max Volume 2,Total Volume 2,Avg Gradient,Avg Gradient X,Avg Gradient Y,Canopy Cover Fraction,Understory Veg Coverage Fraction,CWD Coverage Fraction,Num Points Original PC,Num Points Trimmed PC,Num Points Subsampled PC,Num Terrain Points,Num Vegetation Points,Num CWD Points,Num Stem Points,Preprocessing Time (s),Semantic Segmentation Time (s),Post processing time (s),Measurement Time (s),Total Run Time (s)
example,C:/Users/drone/Desktop/DEV/FSCT/data/train/example.las,417224.8256,6335827.2623,0,0,0.0077249999999078,6,776.7,0.32016666666666665,0.241,0.135,0.603,28.79574668332962,28.620846449991504,27.497552800002524,30.2804419999905,2.075316494439619,1.3795410658733909,0.04983901842761275,5.759584050270104,12.451898966637714,1.1175172129962017,0.4734316920067855,0.14486941508589712,3.1299752102451257,6.7051032779772095,0.5045970674172725,0.4682974454499337,0.187933096615108,0.8616577221228384,0.8103756708407871,0.009540846750149075,2034296,2034296,2034296,522403,879424,686,625825,12.035037755966188,51.14087462425232,4.959652900695801,1026.5462958812714,1094.6818611621857
