PlotId,TreeId,x_tree_base,y_tree_base,z_tree_base,DBH,CCI_at_BH,Height,Volume_1,Volume_2,Crown_mean_x,Crown_mean_y,Crown_top_x,Crown_top_y,Crown_top_z,mean_understory_height_in_5m_radius
example,1,417222.6515061957,6335827.008237816,195.8276967995093,0.246,0.975,29.46488219998949,1.1949648931655137,0.508005588117927,417222.65403033036,6335828.149272407,417221.8106,6335829.1148,225.23820000000006,1.56
example,2,417217.983555201,6335827.241773205,195.92139482665954,0.171,0.0375,29.992081599998897,0.04983901842761275,0.2495013767588145,417218.4327683856,6335827.095560105,417218.6256,6335828.0208,225.91320000000005,0.88
example,3,417226.0332431339,6335825.453214989,195.8315570250655,0.236,0.025,27.497552800002524,1.564117238581268,0.43885779589564405,417225.45745043375,6335825.822987723,417224.74360000005,6335826.4868,223.31720000000004,1.84
example,4,417219.3981709677,6335828.677469639,195.90087493092506,0.603,1.0,30.2804419999905,5.759584050270104,3.1299752102451257,417219.2993478194,6335828.513018546,417219.5296,6335828.8928,226.16020000000006,1.06
example,5,417226.8415482801,6335827.225869891,195.80683847337434,0.53,0.8625,27.77681069999352,3.6863643478448274,2.233893891873802,417226.12454352767,6335827.865848952,417224.8106,6335827.8368,223.56020000000007,1.94
example,6,417219.9025584213,6335825.0520605855,195.8719874462468,0.135,0.45,27.762710800002793,0.19702941834838814,0.14486941508589712,417219.7505634163,6335825.764585301,417219.0146,6335826.2518,223.64720000000005,1.15
